connector_id,connector_name,platform,keyword,pull_time,video_id,video_title,comment_id,comment_author,comment_text,comment_like_count,comment_published_at,comment_updated_at,comment_url,clean_comment,comment_word_count,comment_char_count,sentiment_score,sentiment_label,subjectivity_score,comment_age_days,comment_age_hours,derived_hashtags,derived_hashtag_count,brand_mentions,brand_count,is_question,is_purchase_intent,is_complaint,comment_like_count_numeric,engagement_score,quality_score,urgency_score
4,Check,youtube,Tata Motors,2026-06-02 13:17:36.914416,kvovyIMh5Fw,Tata Motors Recruitment 2026 | Tata Motors Hiring 2026 | Tata Motors Job Vacancy 2026 | Freshers Job,UgwqWGOcLkxrNboxnWN4AaABAg,@GoluYadavGolu-i6f,Permanent job hai,0,2026-06-01T15:10:57Z,2026-06-01T15:10:57Z,https://www.youtube.com/watch?v=kvovyIMh5Fw&lc=UgwqWGOcLkxrNboxnWN4AaABAg,Permanent job hai,3,17,0.0,Neutral,0.0,3,90.81,,0,,0,False,False,False,0,0,20,0
4,Check,youtube,Tata Motors,2026-06-02 13:17:36.914416,kvovyIMh5Fw,Tata Motors Recruitment 2026 | Tata Motors Hiring 2026 | Tata Motors Job Vacancy 2026 | Freshers Job,Ugyv0ryL791w0-gtr614AaABAg,@Unknown_Banker,Ye chu....ya kat ta h baccho ka Exeperence required h,0,2026-06-01T06:30:42Z,2026-06-01T06:30:42Z,https://www.youtube.com/watch?v=kvovyIMh5Fw&lc=Ugyv0ryL791w0-gtr614AaABAg,Ye chu....ya kat ta h baccho ka Exeperence required h,10,53,0.0,Neutral,0.0,4,99.48,,0,,0,False,False,False,0,0,50,0
4,Check,youtube,Tata Motors,2026-06-02 13:17:36.914416,kvovyIMh5Fw,Tata Motors Recruitment 2026 | Tata Motors Hiring 2026 | Tata Motors Job Vacancy 2026 | Freshers Job,UgwRfltNe-2siqYUzjV4AaABAg,@biswajeetkumar7701,Feku,1,2026-06-01T06:01:23Z,2026-06-01T06:01:23Z,https://www.youtube.com/watch?v=kvovyIMh5Fw&lc=UgwRfltNe-2siqYUzjV4AaABAg,Feku,1,4,0.0,Neutral,0.0,4,99.97,,0,,0,False,False,False,1,1,50,0
4,Check,youtube,Tata Motors,2026-06-02 13:17:36.914416,kvovyIMh5Fw,Tata Motors Recruitment 2026 | Tata Motors Hiring 2026 | Tata Motors Job Vacancy 2026 | Freshers Job,UgxmZ43zAJcNTXvGv3l4AaABAg,@NikhleshSana-h1d,"Sir me viklang person hu locomotor disability 40% hu
Or mere right Hand ke finger me problem h 
12th pass out hu 
To mereko job milega",0,2026-06-01T05:06:23Z,2026-06-01T05:06:23Z,https://www.youtube.com/watch?v=kvovyIMh5Fw&lc=UgxmZ43zAJcNTXvGv3l4AaABAg,Sir me viklang person hu locomotor disability 40% hu Or mere right Hand ke finger me problem h 12th pass out hu To mereko job milega,26,132,-0.1071,Negative,0.5179,4,100.89,,0,,0,False,False,False,0,0,50,40
4,Check,youtube,Tata Motors,2026-06-02 13:17:36.914416,kvovyIMh5Fw,Tata Motors Recruitment 2026 | Tata Motors Hiring 2026 | Tata Motors Job Vacancy 2026 | Freshers Job,UgzQa-EgzZ9n0pn3QGl4AaABAg,@DhiranClub,Fresher kr shakte hai kya,2,2026-06-01T02:21:16Z,2026-06-01T02:21:16Z,https://www.youtube.com/watch?v=kvovyIMh5Fw&lc=UgzQa-EgzZ9n0pn3QGl4AaABAg,Fresher kr shakte hai kya,5,25,0.0,Neutral,0.0,4,103.64,,0,,0,False,False,False,2,2,50,0
4,Check,youtube,Tata Motors,2026-06-02 13:17:36.914416,kvovyIMh5Fw,Tata Motors Recruitment 2026 | Tata Motors Hiring 2026 | Tata Motors Job Vacancy 2026 | Freshers Job,Ugzozk0wkOzJHzWNsdh4AaABAg,@King_of_prayagraj,Jo bta rahe wahi dikhaya kro isme graduation walo ke liye kuchh nhi hai,2,2026-06-01T02:21:11Z,2026-06-01T02:21:11Z,https://www.youtube.com/watch?v=kvovyIMh5Fw&lc=Ugzozk0wkOzJHzWNsdh4AaABAg,Jo bta rahe wahi dikhaya kro isme graduation walo ke liye kuchh nhi hai,14,71,0.0,Neutral,0.0,4,103.64,,0,,0,False,False,False,2,2,80,0
4,Check,youtube,Tata Motors,2026-06-02 13:17:36.914416,kvovyIMh5Fw,Tata Motors Recruitment 2026 | Tata Motors Hiring 2026 | Tata Motors Job Vacancy 2026 | Freshers Job,UgzeWyezP53374j890V4AaABAg,@APVLOG-0708,Fresher kar skte hai,0,2026-06-01T02:11:36Z,2026-06-01T02:11:36Z,https://www.youtube.com/watch?v=kvovyIMh5Fw&lc=UgzeWyezP53374j890V4AaABAg,Fresher kar skte hai,4,20,0.0,Neutral,0.0,4,103.8,,0,,0,False,False,False,0,0,20,0
4,Check,youtube,Tata Motors,2026-06-02 13:17:36.914416,kvovyIMh5Fw,Tata Motors Recruitment 2026 | Tata Motors Hiring 2026 | Tata Motors Job Vacancy 2026 | Freshers Job,UgzXv2LBFpvA93eUN9d4AaABAg,@VideoEditorLucknow,FRAUND VIDEO,1,2026-05-31T23:09:26Z,2026-05-31T23:09:26Z,https://www.youtube.com/watch?v=kvovyIMh5Fw&lc=UgzXv2LBFpvA93eUN9d4AaABAg,FRAUND VIDEO,2,12,0.0,Neutral,0.0,4,106.84,,0,,0,False,False,False,1,1,50,0
4,Check,youtube,Tata Motors,2026-06-02 13:17:36.914416,kvovyIMh5Fw,Tata Motors Recruitment 2026 | Tata Motors Hiring 2026 | Tata Motors Job Vacancy 2026 | Freshers Job,UgwRqYEKqWnN13GJTc14AaABAg,@Abhisharma12m,Isme koi fresher nhi h aap ye kyu nhi btate ho bs view ke liye kuchh bhi,1,2026-05-31T14:59:04Z,2026-05-31T14:59:04Z,https://www.youtube.com/watch?v=kvovyIMh5Fw&lc=UgwRqYEKqWnN13GJTc14AaABAg,Isme koi fresher nhi h aap ye kyu nhi btate ho bs view ke liye kuchh bhi,17,72,0.0,Neutral,0.0,4,115.01,,0,,0,False,False,False,1,1,80,0
4,Check,youtube,Tata Motors,2026-06-02 13:17:36.914416,kvovyIMh5Fw,Tata Motors Recruitment 2026 | Tata Motors Hiring 2026 | Tata Motors Job Vacancy 2026 | Freshers Job,UgyJP8Fo8_-XQ4N5CNF4AaABAg,@technicalbichaar,"Jab apply online pe click kar raha hoon apke website main to open hi nehi ho raha hai, please fix it.",1,2026-05-31T14:47:55Z,2026-05-31T14:47:55Z,https://www.youtube.com/watch?v=kvovyIMh5Fw&lc=UgyJP8Fo8_-XQ4N5CNF4AaABAg,"Jab apply online pe click kar raha hoon apke website main to open hi nehi ho raha hai, please fix it.",21,101,0.0833,Neutral,0.4167,4,115.2,,0,,0,False,False,False,1,1,80,0
4,Check,youtube,Tata Motors,2026-06-02 13:17:36.914416,qT9X90sy2PI,"JSW Motors Car Launch | JSW Motors की धमाकेदार एंट्री, Maruti Suzuki, Tata, Mahindra के छूटे पसीने!",Ugzrp4OkfIsj8YQ3Pot4AaABAg,@AguaLada-s4b,Theybshould not be allowed bring Chinese cars here. No tech transfer only assembly.,0,2026-06-02T03:56:17Z,2026-06-02T03:56:17Z,https://www.youtube.com/watch?v=qT9X90sy2PI&lc=Ugzrp4OkfIsj8YQ3Pot4AaABAg,Theybshould not be allowed bring Chinese cars here. No tech transfer only assembly.,13,83,0.0,Neutral,0.5,3,78.06,,0,,0,False,False,True,0,0,50,40
4,Check,youtube,Tata Motors,2026-06-02 13:17:36.914416,qT9X90sy2PI,"JSW Motors Car Launch | JSW Motors की धमाकेदार एंट्री, Maruti Suzuki, Tata, Mahindra के छूटे पसीने!",UgyXLow5R38l0PpFw1N4AaABAg,@stock1A,These guys don’t do any R&D just bring from china apply made in India stamp. I will never buy JSW car in my life. Fck them,0,2026-06-01T17:11:07Z,2026-06-01T17:11:07Z,https://www.youtube.com/watch?v=qT9X90sy2PI&lc=UgyXLow5R38l0PpFw1N4AaABAg,These guys don’t do any R&D just bring from china apply made in India stamp. I will never buy JSW car in my life. Fck them,26,122,0.0,Neutral,0.0,3,88.81,,0,,0,False,True,False,0,0,50,0
4,Check,youtube,Tata Motors,2026-06-02 13:17:36.914416,qT9X90sy2PI,"JSW Motors Car Launch | JSW Motors की धमाकेदार एंट्री, Maruti Suzuki, Tata, Mahindra के छूटे पसीने!",UgxLdsHmoJ3KzC92hj94AaABAg,@High_IQ007,Khuch bhi nahi hai JSW ka.China ki company hai Chery.Sab cars waha se utha kar hamare desh mei logo ko chipkayenge.Desh ki auto industry ko aur kamzor karenge direct China ki cars yaha par sell kar ke.,4,2026-06-01T16:22:07Z,2026-06-01T16:22:31Z,https://www.youtube.com/watch?v=qT9X90sy2PI&lc=UgxLdsHmoJ3KzC92hj94AaABAg,Khuch bhi nahi hai JSW ka.China ki company hai Chery.Sab cars waha se utha kar hamare desh mei logo ko chipkayenge.Desh ki auto industry ko aur kamzor karenge direct China ki cars yaha par sell kar ke.,37,201,0.1,Neutral,0.4,3,89.63,,0,,0,False,False,False,4,4,80,0
4,Check,youtube,Tata Motors,2026-06-02 13:17:36.914416,OWTOXDKdljU,Tata CURVV | ft. Sunil Kargwal,UgyXJwnpE_dRqgDYVSh4AaABAg,@Krishna_chitragar,"Kids who have not driven any of the tata car are commenting down, so be aware of fraudsters spreading hate towards indian brands.",0,2026-06-01T01:03:30Z,2026-06-01T01:03:30Z,https://www.youtube.com/watch?v=OWTOXDKdljU&lc=UgyXJwnpE_dRqgDYVSh4AaABAg,"Kids who have not driven any of the tata car are commenting down, so be aware of fraudsters spreading hate towards indian brands.",23,129,-0.2352,Negative,0.4796,4,104.94,,0,,0,False,False,True,0,0,50,80
4,Check,youtube,Tata Motors,2026-06-02 13:17:36.914416,OWTOXDKdljU,Tata CURVV | ft. Sunil Kargwal,UgzE1H542YYAdNQJybp4AaABAg,@poojashreeraghu118,आपने अपनी कर में सोने जैसा कैसे बनाया प्लीज उसका परफेक्ट वीडियो बनाया,0,2026-05-26T03:40:01Z,2026-05-26T03:40:01Z,https://www.youtube.com/watch?v=OWTOXDKdljU&lc=UgzE1H542YYAdNQJybp4AaABAg,आपने अपनी कर में सोने जैसा कैसे बनाया प्लीज उसका परफेक्ट वीडियो बनाया,13,69,0.0,Neutral,0.0,10,246.33,,0,,0,False,False,False,0,0,50,0
4,Check,youtube,Tata Motors,2026-06-02 13:17:36.914416,OWTOXDKdljU,Tata CURVV | ft. Sunil Kargwal,UgxPCfbxMbhzzfv2uAZ4AaABAg,@giteshpradhan3901,Jai ratan Tata ji,0,2026-05-23T11:53:15Z,2026-05-23T11:53:15Z,https://www.youtube.com/watch?v=OWTOXDKdljU&lc=UgxPCfbxMbhzzfv2uAZ4AaABAg,Jai ratan Tata ji,4,17,0.0,Neutral,0.0,12,310.11,,0,,0,False,False,False,0,0,20,0
4,Check,youtube,Tata Motors,2026-06-02 13:17:36.914416,OWTOXDKdljU,Tata CURVV | ft. Sunil Kargwal,UgyKziYm7n50EluwIF14AaABAg,@mymusic7970,"Bakwaas model 
Both jaldi out dated hoga",1,2026-05-12T21:38:34Z,2026-05-12T21:38:34Z,https://www.youtube.com/watch?v=OWTOXDKdljU&lc=UgyKziYm7n50EluwIF14AaABAg,Bakwaas model Both jaldi out dated hoga,7,39,0.0,Neutral,0.0,23,564.35,,0,,0,False,False,False,1,1,80,0
4,Check,youtube,Tata Motors,2026-06-02 13:17:36.914416,OWTOXDKdljU,Tata CURVV | ft. Sunil Kargwal,UgxICSRMlJkmSHvU71l4AaABAg,@sarthakbobade.1,Like this door handl give in tata nexon,1,2026-05-04T18:16:28Z,2026-05-04T18:16:28Z,https://www.youtube.com/watch?v=OWTOXDKdljU&lc=UgxICSRMlJkmSHvU71l4AaABAg,Like this door handl give in tata nexon,8,39,0.0,Neutral,0.0,31,759.72,,0,,0,False,False,False,1,1,80,0
4,Check,youtube,Tata Motors,2026-06-02 13:17:36.914416,OWTOXDKdljU,Tata CURVV | ft. Sunil Kargwal,Ugxs-4zh-GkR-uSyXqZ4AaABAg,@RosemarieMargallo-o6e,Rktkk👍🚙 etj ano ako youtube,0,2026-04-29T02:09:19Z,2026-04-29T02:09:19Z,https://www.youtube.com/watch?v=OWTOXDKdljU&lc=Ugxs-4zh-GkR-uSyXqZ4AaABAg,Rktkk👍🚙 etj ano ako youtube,5,27,0.0,Neutral,0.0,37,895.84,,0,,0,False,False,False,0,0,20,0
4,Check,youtube,Tata Motors,2026-06-02 13:17:36.914416,OWTOXDKdljU,Tata CURVV | ft. Sunil Kargwal,Ugzg109WDb2gSAZHTQl4AaABAg,@lokpalkushwah7021,"Please place a Safari petrol  varient between Smart and pure x with infotainment, reverse camera, electrically folded and retractable ORVM. But strictly without Sunroof. I want to have Safari but no proper varient as per my choice",0,2026-04-25T07:47:38Z,2026-04-25T07:47:38Z,https://www.youtube.com/watch?v=OWTOXDKdljU&lc=Ugzg109WDb2gSAZHTQl4AaABAg,"Please place a Safari petrol varient between Smart and pure x with infotainment, reverse camera, electrically folded and retractable ORVM. But strictly without Sunroof. I want to have Safari but no proper varient as per my choice",37,229,0.1429,Positive,0.4143,41,986.2,,0,,0,False,False,False,0,0,50,0
4,Check,youtube,Tata Motors,2026-06-02 13:17:36.914416,OWTOXDKdljU,Tata CURVV | ft. Sunil Kargwal,UgxgeXYqOHL1saPVLdV4AaABAg,@Radark-p68,Beutiful car 😍 🚗 👌,0,2026-04-11T06:21:02Z,2026-04-11T06:21:02Z,https://www.youtube.com/watch?v=OWTOXDKdljU&lc=UgxgeXYqOHL1saPVLdV4AaABAg,Beutiful car 😍 🚗 👌,5,18,0.0,Neutral,0.0,55,1323.65,,0,,0,False,False,False,0,0,20,0
4,Check,youtube,Tata Motors,2026-06-02 13:17:36.914416,OWTOXDKdljU,Tata CURVV | ft. Sunil Kargwal,Ugzz_ZnS6D-JE_Dx00d4AaABAg,@krishnaveni-vl7pe,Tata is the srongest  cars ever founded ever in India🇮🇳,0,2026-04-09T06:23:09Z,2026-04-09T06:23:09Z,https://www.youtube.com/watch?v=OWTOXDKdljU&lc=Ugzz_ZnS6D-JE_Dx00d4AaABAg,Tata is the srongest cars ever founded ever in India🇮🇳,10,54,0.0,Neutral,0.0,57,1371.61,,0,,0,False,False,False,0,0,50,0
4,Check,youtube,Tata Motors,2026-06-02 13:17:36.914416,OWTOXDKdljU,Tata CURVV | ft. Sunil Kargwal,UgySqMSHUUyLfLY5kah4AaABAg,@krishnaveni-vl7pe,I like ❤ Tata  curvv  e v,0,2026-04-09T06:20:11Z,2026-04-09T06:20:11Z,https://www.youtube.com/watch?v=OWTOXDKdljU&lc=UgySqMSHUUyLfLY5kah4AaABAg,I like ❤ Tata curvv e v,7,23,0.0,Neutral,0.0,57,1371.66,,0,,0,False,False,False,0,0,50,0
4,Check,youtube,Tata Motors,2026-06-02 13:17:36.914416,GZD3e3Mi_eo,Tata Motors PV Future — Growth Ahead or Reverse Gear? BULL vs BEAR,Ugy335shgQTf58q_NRJ4AaABAg,@Star-ds4sd,Good,0,2026-04-10T02:33:43Z,2026-04-10T02:33:43Z,https://www.youtube.com/watch?v=GZD3e3Mi_eo&lc=Ugy335shgQTf58q_NRJ4AaABAg,Good,1,4,0.7,Positive,0.6,56,1351.43,,0,,0,False,False,False,0,0,20,0
4,Check,youtube,Tata Motors,2026-06-02 13:17:36.914416,GZD3e3Mi_eo,Tata Motors PV Future — Growth Ahead or Reverse Gear? BULL vs BEAR,UgztIRBSSwAKZNhGdeR4AaABAg,@powerofmarket1988,चलो इन्होंने नेगेटिव कहा है तो मैने सही किया 50% कैपिटल deployed in pv😅😅😅😅 10 percent in last 3 day,2,2026-04-08T13:53:16Z,2026-04-08T13:53:41Z,https://www.youtube.com/watch?v=GZD3e3Mi_eo&lc=UgztIRBSSwAKZNhGdeR4AaABAg,चलो इन्होंने नेगेटिव कहा है तो मैने सही किया 50% कैपिटल deployed in pv😅😅😅😅 10 percent in last 3 day,20,99,0.0,Neutral,0.0667,57,1388.11,,0,,0,False,False,False,2,2,80,0
4,Check,youtube,Tata Motors,2026-06-02 13:17:36.914416,GZD3e3Mi_eo,Tata Motors PV Future — Growth Ahead or Reverse Gear? BULL vs BEAR,Ugy0SF0CcOeoqG6L9h94AaABAg,@DipteshNaik,Aaj dhuan dhuan . Bought at 298.64,4,2026-04-08T05:04:54Z,2026-04-08T05:04:54Z,https://www.youtube.com/watch?v=GZD3e3Mi_eo&lc=Ugy0SF0CcOeoqG6L9h94AaABAg,Aaj dhuan dhuan . Bought at 298.64,7,34,0.0,Neutral,0.0,58,1396.91,,0,,0,False,False,False,4,4,80,0
4,Check,youtube,Tata Motors,2026-06-02 13:17:36.914416,GZD3e3Mi_eo,Tata Motors PV Future — Growth Ahead or Reverse Gear? BULL vs BEAR,Ugz3MsDP12x20b70YC54AaABAg,@thequestps,❤,0,2026-04-07T20:14:13Z,2026-04-07T20:14:13Z,https://www.youtube.com/watch?v=GZD3e3Mi_eo&lc=Ugz3MsDP12x20b70YC54AaABAg,❤,1,1,0.0,Neutral,0.0,58,1405.76,,0,,0,False,False,False,0,0,20,0
4,Check,youtube,Tata Motors,2026-06-02 13:17:36.914416,yobwaIkhkLU,Tata Motors Passenger Vehicle Monthly Update I TMPV SHARE DIVIDEND I TATA MOTORS SHARE I TMCV,UgzygCU61rdDLB0EyzZ4AaABAg,@vijaychouhan1809,Thanks,0,2026-06-01T18:11:11Z,2026-06-01T18:11:11Z,https://www.youtube.com/watch?v=yobwaIkhkLU&lc=UgzygCU61rdDLB0EyzZ4AaABAg,Thanks,1,6,0.2,Positive,0.2,3,87.81,,0,,0,False,False,False,0,0,20,0
4,Check,youtube,Tata Motors,2026-06-02 13:17:36.914416,LDKMRW1KWGw,Amazing miniature TATA Nexon EV Scale Model car #nexon #tatamotors #tatanexon #shorts #nexonev,UgyRoMrMQ8-m2MIQBvl4AaABAg,@prabeee,എന്നുള്ള വാക്കുകൾ ഞങ്ങൾക്ക് ഉദ്ദേശിച്ചത്,6,2026-05-06T08:15:24Z,2026-05-06T08:15:24Z,https://www.youtube.com/watch?v=LDKMRW1KWGw&lc=UgyRoMrMQ8-m2MIQBvl4AaABAg,എന്നുള്ള വാക്കുകൾ ഞങ്ങൾക്ക് ഉദ്ദേശിച്ചത്,4,40,0.0,Neutral,0.0,30,721.74,"nexonev,nexon,tatanexon,tatamotors,shorts",5,,0,False,False,False,6,6,50,0
4,Check,youtube,Tata Motors,2026-06-02 13:17:36.914416,LDKMRW1KWGw,Amazing miniature TATA Nexon EV Scale Model car #nexon #tatamotors #tatanexon #shorts #nexonev,UgwEs4BLUkousp-Z3cJ4AaABAg,@prabeee,സ്വാഗതം,4,2026-05-06T08:15:05Z,2026-05-06T08:15:05Z,https://www.youtube.com/watch?v=LDKMRW1KWGw&lc=UgwEs4BLUkousp-Z3cJ4AaABAg,സ്വാഗതം,1,7,0.0,Neutral,0.0,30,721.75,"nexonev,nexon,tatanexon,tatamotors,shorts",5,,0,False,False,False,4,4,50,0
4,Check,youtube,Tata Motors,2026-06-02 13:17:36.914416,LDKMRW1KWGw,Amazing miniature TATA Nexon EV Scale Model car #nexon #tatamotors #tatanexon #shorts #nexonev,UgxoxOry53lVPIAPs594AaABAg,@muslimpeace-e4w,ghgjhgjgjghggy so tight ykhkh❤🎉,0,2026-04-18T13:13:47Z,2026-04-18T13:13:47Z,https://www.youtube.com/watch?v=LDKMRW1KWGw&lc=UgxoxOry53lVPIAPs594AaABAg,ghgjhgjgjghggy so tight ykhkh❤🎉,4,31,-0.1786,Negative,0.2857,47,1148.77,"nexonev,nexon,tatanexon,tatamotors,shorts",5,,0,False,False,False,0,0,20,40
4,Check,youtube,Tata Motors,2026-06-02 13:17:36.914416,LDKMRW1KWGw,Amazing miniature TATA Nexon EV Scale Model car #nexon #tatamotors #tatanexon #shorts #nexonev,UgxnqUTH48EJGI_qK7J4AaABAg,@IrfanAli-tb6rk,Htufutuuf,0,2026-03-26T08:02:03Z,2026-03-26T08:02:03Z,https://www.youtube.com/watch?v=LDKMRW1KWGw&lc=UgxnqUTH48EJGI_qK7J4AaABAg,Htufutuuf,1,9,0.0,Neutral,0.0,71,1705.96,"nexonev,nexon,tatanexon,tatamotors,shorts",5,,0,False,False,False,0,0,20,0
4,Check,youtube,Tata Motors,2026-06-02 13:17:36.914416,LDKMRW1KWGw,Amazing miniature TATA Nexon EV Scale Model car #nexon #tatamotors #tatanexon #shorts #nexonev,Ugx-Lw2wPaprxSJxaA94AaABAg,@kumarthapa7068,One chocolate,3,2026-02-27T07:09:32Z,2026-02-27T07:09:32Z,https://www.youtube.com/watch?v=LDKMRW1KWGw&lc=Ugx-Lw2wPaprxSJxaA94AaABAg,One chocolate,2,13,0.0,Neutral,0.0,98,2354.84,"nexonev,nexon,tatanexon,tatamotors,shorts",5,,0,False,False,False,3,3,50,0
4,Check,youtube,Tata Motors,2026-06-02 13:17:36.914416,LDKMRW1KWGw,Amazing miniature TATA Nexon EV Scale Model car #nexon #tatamotors #tatanexon #shorts #nexonev,UgwDPyuiQKpPvCIlkZN4AaABAg,@Sandhyabharti-g6k,0 ullu banate Ho,3,2026-01-29T13:27:42Z,2026-01-29T13:27:42Z,https://www.youtube.com/watch?v=LDKMRW1KWGw&lc=UgwDPyuiQKpPvCIlkZN4AaABAg,0 ullu banate Ho,4,16,0.0,Neutral,0.0,126,3044.53,"nexonev,nexon,tatanexon,tatamotors,shorts",5,,0,False,False,False,3,3,50,0
4,Check,youtube,Tata Motors,2026-06-02 13:17:36.914416,LDKMRW1KWGw,Amazing miniature TATA Nexon EV Scale Model car #nexon #tatamotors #tatanexon #shorts #nexonev,UgwCUoctiEypaIDwTet4AaABAg,@HamimRahman-n8w,#tata,3,2026-01-01T16:52:49Z,2026-01-01T16:52:49Z,https://www.youtube.com/watch?v=LDKMRW1KWGw&lc=UgwCUoctiEypaIDwTet4AaABAg,#tata,1,5,0.0,Neutral,0.0,154,3713.12,"nexonev,nexon,tatanexon,tatamotors,shorts",5,,0,False,False,False,3,3,50,0
4,Check,youtube,Tata Motors,2026-06-02 13:17:36.914416,LDKMRW1KWGw,Amazing miniature TATA Nexon EV Scale Model car #nexon #tatamotors #tatanexon #shorts #nexonev,UgwOsmBW_u12MvWSg4p4AaABAg,@RadhaDevi-e5p,Police ko bhi phone kar dunga,7,2025-11-06T11:22:44Z,2025-11-06T11:22:44Z,https://www.youtube.com/watch?v=LDKMRW1KWGw&lc=UgwOsmBW_u12MvWSg4p4AaABAg,Police ko bhi phone kar dunga,6,29,0.0,Neutral,0.0,210,5062.62,"nexonev,nexon,tatanexon,tatamotors,shorts",5,,0,False,False,False,7,7,80,0
4,Check,youtube,Tata Motors,2026-06-02 13:17:36.914416,LDKMRW1KWGw,Amazing miniature TATA Nexon EV Scale Model car #nexon #tatamotors #tatanexon #shorts #nexonev,Ugw-TY-E5r2KS2QxlaJ4AaABAg,@RadhaDevi-e5p,Buddhi ko dikhaiye chatake hamen De De topiyan buddhi kahin ki,1,2025-11-06T11:22:24Z,2025-11-06T11:22:24Z,https://www.youtube.com/watch?v=LDKMRW1KWGw&lc=Ugw-TY-E5r2KS2QxlaJ4AaABAg,Buddhi ko dikhaiye chatake hamen De De topiyan buddhi kahin ki,11,62,0.0,Neutral,0.0,210,5062.62,"nexonev,nexon,tatanexon,tatamotors,shorts",5,,0,False,False,False,1,1,80,0
4,Check,youtube,Tata Motors,2026-06-02 13:17:36.914416,LDKMRW1KWGw,Amazing miniature TATA Nexon EV Scale Model car #nexon #tatamotors #tatanexon #shorts #nexonev,UgyOdxWcEKubC9o_dLN4AaABAg,@namirabanu1796,Booking,7,2025-10-08T05:32:08Z,2025-10-08T05:32:08Z,https://www.youtube.com/watch?v=LDKMRW1KWGw&lc=UgyOdxWcEKubC9o_dLN4AaABAg,Booking,1,7,0.0,Neutral,0.0,240,5764.46,"nexonev,nexon,tatanexon,tatamotors,shorts",5,,0,False,False,False,7,7,50,0
4,Check,youtube,Tata Motors,2026-06-02 13:17:36.914416,hup-I2pwlLo,Tata Motors Recruitment 2025 || Tata Motors New  Job vacancy 2025 #DailyaJobHunt,UgzQjkDInXnE3io0OjF4AaABAg,@VasanthGogula,Link,0,2026-06-01T15:20:28Z,2026-06-01T15:20:28Z,https://www.youtube.com/watch?v=hup-I2pwlLo&lc=UgzQjkDInXnE3io0OjF4AaABAg,Link,1,4,0.0,Neutral,0.0,3,90.66,DailyaJobHunt,1,,0,False,False,False,0,0,20,0
4,Check,youtube,Tata Motors,2026-06-02 13:17:36.914416,hup-I2pwlLo,Tata Motors Recruitment 2025 || Tata Motors New  Job vacancy 2025 #DailyaJobHunt,UgwMCh9Lce99sviIb2h4AaABAg,@kkasipriyan,Dai contact number podunga summa summa job irukku post podathuga correct post podunga,0,2026-05-31T06:35:51Z,2026-05-31T06:35:51Z,https://www.youtube.com/watch?v=hup-I2pwlLo&lc=UgwMCh9Lce99sviIb2h4AaABAg,Dai contact number podunga summa summa job irukku post podathuga correct post podunga,13,85,0.0,Neutral,0.0,5,123.4,DailyaJobHunt,1,,0,False,True,False,0,0,50,0
4,Check,youtube,Tata Motors,2026-06-02 13:17:36.914416,hup-I2pwlLo,Tata Motors Recruitment 2025 || Tata Motors New  Job vacancy 2025 #DailyaJobHunt,Ugzv5wPETH7JqSOya8B4AaABAg,@andesampath9232,How to apply,0,2026-05-28T02:16:45Z,2026-05-28T02:16:45Z,https://www.youtube.com/watch?v=hup-I2pwlLo&lc=Ugzv5wPETH7JqSOya8B4AaABAg,How to apply,3,12,0.0,Neutral,0.0,8,199.72,DailyaJobHunt,1,,0,False,False,False,0,0,20,0
4,Check,youtube,Tata Motors,2026-06-02 13:17:36.914416,hup-I2pwlLo,Tata Motors Recruitment 2025 || Tata Motors New  Job vacancy 2025 #DailyaJobHunt,UgzOA9nPdeYVjAk2pNd4AaABAg,@lunGogou,How to apply the link,0,2026-05-27T17:48:16Z,2026-05-27T17:48:16Z,https://www.youtube.com/watch?v=hup-I2pwlLo&lc=UgzOA9nPdeYVjAk2pNd4AaABAg,How to apply the link,5,21,0.0,Neutral,0.0,8,208.19,DailyaJobHunt,1,,0,False,False,False,0,0,20,0
4,Check,youtube,Tata Motors,2026-06-02 13:17:36.914416,hup-I2pwlLo,Tata Motors Recruitment 2025 || Tata Motors New  Job vacancy 2025 #DailyaJobHunt,UgxjIbx-9vz1H_G3qNV4AaABAg,@ClassicEditor_50k,Fake hai,0,2026-05-25T06:13:04Z,2026-05-25T06:13:04Z,https://www.youtube.com/watch?v=hup-I2pwlLo&lc=UgxjIbx-9vz1H_G3qNV4AaABAg,Fake hai,2,8,-0.5,Negative,1.0,11,267.78,DailyaJobHunt,1,,0,False,False,True,0,0,20,80
4,Check,youtube,Tata Motors,2026-06-02 13:17:36.914416,hup-I2pwlLo,Tata Motors Recruitment 2025 || Tata Motors New  Job vacancy 2025 #DailyaJobHunt,UgxH3U3QXJgbXRoF8Dl4AaABAg,@vipparlaramesh3955,Link,0,2026-05-20T17:02:28Z,2026-05-20T17:02:28Z,https://www.youtube.com/watch?v=hup-I2pwlLo&lc=UgxH3U3QXJgbXRoF8Dl4AaABAg,Link,1,4,0.0,Neutral,0.0,15,376.96,DailyaJobHunt,1,,0,False,False,False,0,0,20,0
4,Check,youtube,Tata Motors,2026-06-02 13:17:36.914416,hup-I2pwlLo,Tata Motors Recruitment 2025 || Tata Motors New  Job vacancy 2025 #DailyaJobHunt,Ugyggchf4ugRkT0eVAF4AaABAg,@PayalRajput-h9p,How to apply link,0,2026-05-12T18:50:06Z,2026-05-12T18:50:06Z,https://www.youtube.com/watch?v=hup-I2pwlLo&lc=Ugyggchf4ugRkT0eVAF4AaABAg,How to apply link,4,17,0.0,Neutral,0.0,23,567.16,DailyaJobHunt,1,,0,False,False,False,0,0,20,0
4,Check,youtube,Tata Motors,2026-06-02 13:17:36.914416,hup-I2pwlLo,Tata Motors Recruitment 2025 || Tata Motors New  Job vacancy 2025 #DailyaJobHunt,UgwYahyGMuSIq8bi0EF4AaABAg,@sakthisvarans4803,Link,0,2026-05-09T16:53:51Z,2026-05-09T16:53:51Z,https://www.youtube.com/watch?v=hup-I2pwlLo&lc=UgwYahyGMuSIq8bi0EF4AaABAg,Link,1,4,0.0,Neutral,0.0,26,641.1,DailyaJobHunt,1,,0,False,False,False,0,0,20,0
4,Check,youtube,Tata Motors,2026-06-02 13:17:36.914416,hup-I2pwlLo,Tata Motors Recruitment 2025 || Tata Motors New  Job vacancy 2025 #DailyaJobHunt,UgwklAAnUU7jVbcr29R4AaABAg,@ritesh_maity-14q,Qualification:- deploma mechanical field in a fresher main kaise apply karun,1,2026-05-08T06:22:16Z,2026-05-08T06:22:16Z,https://www.youtube.com/watch?v=hup-I2pwlLo&lc=UgwklAAnUU7jVbcr29R4AaABAg,Qualification:- deploma mechanical field in a fresher main kaise apply karun,11,76,0.1667,Positive,0.3333,28,675.63,DailyaJobHunt,1,,0,False,False,False,1,1,80,0
4,Check,youtube,Tata Motors,2026-06-02 13:17:36.914416,hup-I2pwlLo,Tata Motors Recruitment 2025 || Tata Motors New  Job vacancy 2025 #DailyaJobHunt,Ugxig4-q6CGGBY9yQ4t4AaABAg,@RaviMuthineni-g3b,Application link send me,0,2026-05-04T07:18:20Z,2026-05-04T07:18:20Z,https://www.youtube.com/watch?v=hup-I2pwlLo&lc=Ugxig4-q6CGGBY9yQ4t4AaABAg,Application link send me,4,24,0.0,Neutral,0.0,32,770.69,DailyaJobHunt,1,,0,False,False,False,0,0,20,0
4,Check,youtube,Tata Motors,2026-06-02 13:17:36.914416,YAGiUTloHrM,Tata Motors Fc Current Squad 2026/Jsa League Tata Motors Squad Update 2026/Sadhu Marndi ,Ugxw1RmWJNYTxsYAfz14AaABAg,@sangrammurmu4973,Baset hansdah or raisen hansdah doh,0,2026-06-02T01:40:03Z,2026-06-02T01:40:03Z,https://www.youtube.com/watch?v=YAGiUTloHrM&lc=Ugxw1RmWJNYTxsYAfz14AaABAg,Baset hansdah or raisen hansdah doh,6,35,0.0,Neutral,0.0,3,80.33,,0,,0,False,False,False,0,0,50,0
4,Check,youtube,Tata Motors,2026-06-02 13:17:36.914416,YAGiUTloHrM,Tata Motors Fc Current Squad 2026/Jsa League Tata Motors Squad Update 2026/Sadhu Marndi ,UgyFRXW08o7UrkeEfRB4AaABAg,@BulletSardar-j1f7q,Rajesh doo,0,2026-06-02T01:20:34Z,2026-06-02T01:20:34Z,https://www.youtube.com/watch?v=YAGiUTloHrM&lc=UgyFRXW08o7UrkeEfRB4AaABAg,Rajesh doo,2,10,0.0,Neutral,0.0,3,80.65,,0,,0,False,False,False,0,0,20,0
4,Check,youtube,Tata Motors,2026-06-02 13:17:36.914416,YAGiUTloHrM,Tata Motors Fc Current Squad 2026/Jsa League Tata Motors Squad Update 2026/Sadhu Marndi ,UgzgA3mHETYbiwpg8ZZ4AaABAg,@SudamHembramOfficial123,Tata motors 🎉❤❤ congratulations 👏🎉🎉❤❤❤🎉🎉🎉,1,2026-06-02T00:32:19Z,2026-06-02T00:32:19Z,https://www.youtube.com/watch?v=YAGiUTloHrM&lc=UgzgA3mHETYbiwpg8ZZ4AaABAg,Tata motors 🎉❤❤ congratulations 👏🎉🎉❤❤❤🎉🎉🎉,5,41,0.0,Neutral,0.0,3,81.46,,0,,0,False,False,False,1,1,50,0
4,Check,youtube,Tata Motors,2026-06-02 13:17:36.914416,34rxIz8Bfsk,Tata Motors Team Full Squad 2026 !!,UgxCa2kYxKl7WKqkVIp4AaABAg,@NuraHansda,Baset or raisen kaha hey bro,0,2026-06-02T07:24:08Z,2026-06-02T07:24:08Z,https://www.youtube.com/watch?v=34rxIz8Bfsk&lc=UgxCa2kYxKl7WKqkVIp4AaABAg,Baset or raisen kaha hey bro,6,28,0.0,Neutral,0.0,3,74.59,,0,,0,False,False,False,0,0,50,0
4,Check,youtube,Tata Motors,2026-06-02 13:17:36.914416,34rxIz8Bfsk,Tata Motors Team Full Squad 2026 !!,UgykaA4s9E0-rqO30PJ4AaABAg,@praveshkujur1983,strong team bana hai tata motors ka..,0,2026-06-02T06:41:00Z,2026-06-02T06:41:00Z,https://www.youtube.com/watch?v=34rxIz8Bfsk&lc=UgykaA4s9E0-rqO30PJ4AaABAg,strong team bana hai tata motors ka..,7,37,0.4333,Positive,0.7333,3,75.31,,0,,0,False,False,False,0,0,50,0
4,Check,youtube,Tata Motors,2026-06-02 13:17:36.914416,34rxIz8Bfsk,Tata Motors Team Full Squad 2026 !!,Ugw7cuzZ0PaIFJGvyP14AaABAg,@SOREN-g5c,Birsa tata steel taraf se khel rha hai,0,2026-06-02T05:37:24Z,2026-06-02T05:37:24Z,https://www.youtube.com/watch?v=34rxIz8Bfsk&lc=Ugw7cuzZ0PaIFJGvyP14AaABAg,Birsa tata steel taraf se khel rha hai,8,38,0.0,Neutral,0.0,3,76.37,,0,,0,False,False,False,0,0,50,0
4,Check,youtube,Tata Motors,2026-06-02 13:17:36.914416,34rxIz8Bfsk,Tata Motors Team Full Squad 2026 !!,UgxzbiSW-5pdo9_VCVB4AaABAg,@kapildeomahto9159,Based kolkata league se khelega,2,2026-06-02T04:18:39Z,2026-06-02T04:18:39Z,https://www.youtube.com/watch?v=34rxIz8Bfsk&lc=UgxzbiSW-5pdo9_VCVB4AaABAg,Based kolkata league se khelega,5,31,0.0,Neutral,0.0,3,77.69,,0,,0,False,False,False,2,2,50,0
4,Check,youtube,Tata Motors,2026-06-02 13:17:36.914416,34rxIz8Bfsk,Tata Motors Team Full Squad 2026 !!,UgxyAk4F3dh6Y0GhjHZ4AaABAg,@TewariBading,Dada Main to bahut khush hua Tata motors mein ful support,1,2026-06-02T04:04:09Z,2026-06-02T04:04:09Z,https://www.youtube.com/watch?v=34rxIz8Bfsk&lc=UgxyAk4F3dh6Y0GhjHZ4AaABAg,Dada Main to bahut khush hua Tata motors mein ful support,11,57,0.1667,Positive,0.3333,3,77.93,,0,,0,False,False,False,1,1,80,0
4,Check,youtube,Tata Motors,2026-06-02 13:17:36.914416,34rxIz8Bfsk,Tata Motors Team Full Squad 2026 !!,UgwglUn9ipjZlALxJQV4AaABAg,@lakhansoren964,Baset Hansda Miss krenge star Diffender,2,2026-06-02T03:48:07Z,2026-06-02T03:48:07Z,https://www.youtube.com/watch?v=34rxIz8Bfsk&lc=UgwglUn9ipjZlALxJQV4AaABAg,Baset Hansda Miss krenge star Diffender,6,39,0.0,Neutral,0.0,3,78.19,,0,,0,False,False,False,2,2,80,0
4,Check,youtube,Tata Motors,2026-06-02 13:17:36.914416,34rxIz8Bfsk,Tata Motors Team Full Squad 2026 !!,UgwmiAtSb2HGBUbc7lF4AaABAg,@SudamHembramOfficial123,Ranjit Mardi Best captain ship ❤❤🎉🎉🎉😊😊😊,2,2026-06-02T03:14:01Z,2026-06-02T03:14:01Z,https://www.youtube.com/watch?v=34rxIz8Bfsk&lc=UgwmiAtSb2HGBUbc7lF4AaABAg,Ranjit Mardi Best captain ship ❤❤🎉🎉🎉😊😊😊,6,39,1.0,Positive,0.3,3,78.76,,0,,0,False,False,False,2,2,80,0
4,Check,youtube,Tata Motors,2026-06-02 13:17:36.914416,34rxIz8Bfsk,Tata Motors Team Full Squad 2026 !!,UgxtRm7vaefSqMAXz3l4AaABAg,@SudamHembramOfficial123,Baset kolkata league khel Raha hai ❤🎉😊,0,2026-06-02T03:12:16Z,2026-06-02T03:12:16Z,https://www.youtube.com/watch?v=34rxIz8Bfsk&lc=UgxtRm7vaefSqMAXz3l4AaABAg,Baset kolkata league khel Raha hai ❤🎉😊,7,38,0.0,Neutral,0.0,3,78.79,,0,,0,False,False,False,0,0,50,0
4,Check,youtube,Tata Motors,2026-06-02 13:17:36.914416,34rxIz8Bfsk,Tata Motors Team Full Squad 2026 !!,UgxqdxfEfboQicONDmF4AaABAg,@djalexxhazaribagh1594k,Birsha tudu ko q nhi liya,0,2026-06-02T03:09:14Z,2026-06-02T03:09:14Z,https://www.youtube.com/watch?v=34rxIz8Bfsk&lc=UgxqdxfEfboQicONDmF4AaABAg,Birsha tudu ko q nhi liya,6,25,0.0,Neutral,0.0,3,78.84,,0,,0,False,False,False,0,0,50,0
4,Check,youtube,Tata Motors,2026-06-02 13:17:36.914416,34rxIz8Bfsk,Tata Motors Team Full Squad 2026 !!,Ugz37JCJwoxPlChFoY54AaABAg,@ManojKumar-sx7bi,Baset kolkata se kel raha hai abhi,1,2026-06-02T03:07:23Z,2026-06-02T03:07:23Z,https://www.youtube.com/watch?v=34rxIz8Bfsk&lc=Ugz37JCJwoxPlChFoY54AaABAg,Baset kolkata se kel raha hai abhi,7,34,0.0,Neutral,0.0,3,78.87,,0,,0,False,False,False,1,1,80,0
4,Check,youtube,Tata Motors,2026-06-02 13:17:36.914416,fC0fqpjA-Xg,Tata Motors Car Transformation | 1991 to 2025 in 5 Minutes @tatamotorscars,Ugxj7qNuG3zqPr8CWgJ4AaABAg,@rearviewreviews,"Hello Guys, I had spend lot of time and effort’s physically and financially to create this video. Your one LIKE and SUBSCRIBE will mean a lot and possible please share the video. THANK YOU! in advance☺",32,2025-08-21T16:32:28Z,2025-08-21T16:32:28Z,https://www.youtube.com/watch?v=fC0fqpjA-Xg&lc=Ugxj7qNuG3zqPr8CWgJ4AaABAg,"Hello Guys, I had spend lot of time and effort’s physically and financially to create this video. Your one LIKE and SUBSCRIBE will mean a lot and possible please share the video. THANK YOU! in advance☺",36,201,-0.0781,Neutral,0.4576,287,6905.46,,0,,0,False,False,False,32,32,80,0
4,Check,youtube,Tata Motors,2026-06-02 13:17:36.914416,fC0fqpjA-Xg,Tata Motors Car Transformation | 1991 to 2025 in 5 Minutes @tatamotorscars,Ugzb-53wKTfZ6RskxJ94AaABAg,@subithbabu3986,shit cars,0,2026-05-27T15:03:50Z,2026-05-27T15:03:50Z,https://www.youtube.com/watch?v=fC0fqpjA-Xg&lc=Ugzb-53wKTfZ6RskxJ94AaABAg,shit cars,2,9,-0.2,Negative,0.8,8,210.93,,0,,0,False,False,False,0,0,20,40
4,Check,youtube,Tata Motors,2026-06-02 13:17:36.914416,fC0fqpjA-Xg,Tata Motors Car Transformation | 1991 to 2025 in 5 Minutes @tatamotorscars,UgzKn5_PttKbkCQLWP14AaABAg,@manojdhoot4281,Indigo Marina भूल गए 😂😂😂,1,2026-05-22T09:45:17Z,2026-05-22T09:45:17Z,https://www.youtube.com/watch?v=fC0fqpjA-Xg&lc=UgzKn5_PttKbkCQLWP14AaABAg,Indigo Marina भूल गए 😂😂😂,5,24,0.0,Neutral,0.0,14,336.24,,0,,0,False,False,False,1,1,50,0
4,Check,youtube,Tata Motors,2026-06-02 13:17:36.914416,fC0fqpjA-Xg,Tata Motors Car Transformation | 1991 to 2025 in 5 Minutes @tatamotorscars,Ugz8PRCz8ohTgvUPuEt4AaABAg,@SatyajitBehera-uu3io,Salute hai tata ko,0,2026-05-21T11:22:05Z,2026-05-21T11:22:05Z,https://www.youtube.com/watch?v=fC0fqpjA-Xg&lc=Ugz8PRCz8ohTgvUPuEt4AaABAg,Salute hai tata ko,4,18,0.0,Neutral,0.0,14,358.63,,0,,0,False,False,False,0,0,20,0
4,Check,youtube,Tata Motors,2026-06-02 13:17:36.914416,fC0fqpjA-Xg,Tata Motors Car Transformation | 1991 to 2025 in 5 Minutes @tatamotorscars,UgxuZ8kAcTphauIwOfh4AaABAg,@jkezhil,Indica 🗿,0,2026-05-07T15:48:48Z,2026-05-07T15:48:48Z,https://www.youtube.com/watch?v=fC0fqpjA-Xg&lc=UgxuZ8kAcTphauIwOfh4AaABAg,Indica 🗿,2,8,0.0,Neutral,0.0,28,690.18,,0,,0,False,False,False,0,0,20,0
4,Check,youtube,Tata Motors,2026-06-02 13:17:36.914416,fC0fqpjA-Xg,Tata Motors Car Transformation | 1991 to 2025 in 5 Minutes @tatamotorscars,UgwuExpv_Z8gCMrpOmx4AaABAg,@galabsarfraj8851,Harrier lover's ❤❤❤❤,0,2026-05-04T02:53:41Z,2026-05-04T02:53:41Z,https://www.youtube.com/watch?v=fC0fqpjA-Xg&lc=UgwuExpv_Z8gCMrpOmx4AaABAg,Harrier lover's ❤❤❤❤,3,20,0.0,Neutral,0.0,32,775.1,,0,,0,False,False,False,0,0,20,0
4,Check,youtube,Tata Motors,2026-06-02 13:17:36.914416,fC0fqpjA-Xg,Tata Motors Car Transformation | 1991 to 2025 in 5 Minutes @tatamotorscars,UgyzvojENUlwl_0LeAJ4AaABAg,@ponnasuresh,What about sierra,0,2026-05-01T01:46:56Z,2026-05-01T01:46:56Z,https://www.youtube.com/watch?v=fC0fqpjA-Xg&lc=UgyzvojENUlwl_0LeAJ4AaABAg,What about sierra,3,17,0.0,Neutral,0.0,35,848.21,,0,,0,False,False,False,0,0,20,0
4,Check,youtube,Tata Motors,2026-06-02 13:17:36.914416,fC0fqpjA-Xg,Tata Motors Car Transformation | 1991 to 2025 in 5 Minutes @tatamotorscars,UgwTNbR3H7-TBHHWjkl4AaABAg,@malisaini-q6h,22-10-2001,0,2026-04-30T11:19:31Z,2026-04-30T11:19:31Z,https://www.youtube.com/watch?v=fC0fqpjA-Xg&lc=UgwTNbR3H7-TBHHWjkl4AaABAg,22-10-2001,1,10,0.0,Neutral,0.0,35,862.67,,0,,0,False,False,False,0,0,20,0
4,Check,youtube,Tata Motors,2026-06-02 13:17:36.914416,fC0fqpjA-Xg,Tata Motors Car Transformation | 1991 to 2025 in 5 Minutes @tatamotorscars,Ugyj7IKD6TT7fhvwNAN4AaABAg,@krishnakumarsudhakaran9510,Hate Tata as their  jihadi  promotions.😮,0,2026-04-19T01:32:16Z,2026-04-19T01:32:16Z,https://www.youtube.com/watch?v=fC0fqpjA-Xg&lc=Ugyj7IKD6TT7fhvwNAN4AaABAg,Hate Tata as their jihadi promotions.😮,6,38,-0.8,Negative,0.9,47,1136.46,,0,,0,False,False,True,0,0,50,80
4,Check,youtube,Tata Motors,2026-06-02 13:17:36.914416,fC0fqpjA-Xg,Tata Motors Car Transformation | 1991 to 2025 in 5 Minutes @tatamotorscars,UgwsLG1MCPqDzPFqR-p4AaABAg,@ChillinZombieDude,All over 9.8 on ten,0,2026-03-21T10:16:12Z,2026-03-21T10:16:12Z,https://www.youtube.com/watch?v=fC0fqpjA-Xg&lc=UgwsLG1MCPqDzPFqR-p4AaABAg,All over 9.8 on ten,5,19,0.0,Neutral,0.0,75,1823.73,,0,,0,False,False,False,0,0,20,0
