connector_id,connector_name,platform,feed_url,review_title,review_text,rating,rating_label,reviewer,published_date,review_url,collected_at
13,Pepsi Revies from Trustpilot,rss_reviews,https://rss.app/feeds/KhJXqLAmo6KoSSyD.xml,Terrible company,"Terrible company. 
Buy COKE

YOU TRY TO CONTACT CUSTOMER SERVICE AND JUST IGNORE YOU AND REQUEST A CALL BACK AND THEY IGNORE YOU.  
SUCKS",1,Bad,"Mario Silva, CA","Wed, 27 May 2026 01:48:18 GMT",https://www.trustpilot.com/reviews/6a1631425d218e18781f8a5d,2026-06-03T12:50:24.273646
13,Pepsi Revies from Trustpilot,rss_reviews,https://rss.app/feeds/KhJXqLAmo6KoSSyD.xml,Pepsi is bad and it make my brain hurts…,Pepsi is bad and it make my brain hurts really bad and I don’t no what they put it it,1,Bad,"Resse Harris, US","Sat, 23 May 2026 08:19:15 GMT",https://www.trustpilot.com/reviews/6a1146e3b1214014571f7ace,2026-06-03T12:50:24.275031
13,Pepsi Revies from Trustpilot,rss_reviews,https://rss.app/feeds/KhJXqLAmo6KoSSyD.xml,Iam writing this review and would like…,"Iam writing this review and would like others to provide their experience. In Fortworth Texas I purchased 5 12pk Pepsi soft drinks at Kroger grocery store, there was a sale buy 2 get 3 12pks free. Upon drinking these Pepsi products we were disappointed to find them utterly stale and flat. Any others that noticed this problem?",1,Bad,"Reggie, US","Fri, 22 May 2026 08:48:53 GMT",https://www.trustpilot.com/reviews/6a0ffc55a7300615815eb347,2026-06-03T12:50:24.275416
13,Pepsi Revies from Trustpilot,rss_reviews,https://rss.app/feeds/KhJXqLAmo6KoSSyD.xml,Trying to kill Type 1 diabetics??,"Pepsi have now changed their ""full sugar"" version of their product to have half as much sugar... since then it tastes awful.   Not to mention it is seriously misleading for anyone with Type 1 diabetes trying to escape a case of ""hypoglycemia"".  They should be forced to display the sneaky ingredients on the product.   It is a very deceptive  business practice.  I hope they go bust.  Cheeky pricks",1,Bad,"LJ Comments, AU","Tue, 19 May 2026 18:55:20 GMT",https://www.trustpilot.com/reviews/6a0c95f813b150db590da023,2026-06-03T12:50:24.275782
13,Pepsi Revies from Trustpilot,rss_reviews,https://rss.app/feeds/KhJXqLAmo6KoSSyD.xml,I hate that they did that to Michael…,I hate that they did that to Michael Jackson!,1,Bad,"Angel Hamisi, US","Fri, 08 May 2026 05:02:15 GMT",https://www.trustpilot.com/reviews/69fd52376b7ea15ee9967a0d,2026-06-03T12:50:24.276063
13,Pepsi Revies from Trustpilot,rss_reviews,https://rss.app/feeds/KhJXqLAmo6KoSSyD.xml,I keep getting cans unopened are dented…,I keep getting cans unopened are dented and they are flat taste . I have found this in the two last 24 packs I have received. Pepsi is my drink I’ve been drinking it for over thirty  Years. It’s basically all I drink. I am saddened to see this happening. What’s going on what’s changed?,4,Great,"Rebecca, US","Fri, 24 Apr 2026 03:11:48 GMT",https://www.trustpilot.com/reviews/69eac35457187bbb9e238816,2026-06-03T12:50:24.276417
13,Pepsi Revies from Trustpilot,rss_reviews,https://rss.app/feeds/KhJXqLAmo6KoSSyD.xml,for a long years i love pepsi it's a…,for a long years i love pepsi it's a part of my life i love to be in my days a long time,5,Excellent,"mido, EG","Mon, 20 Apr 2026 01:55:07 GMT",https://www.trustpilot.com/reviews/69e56b5b263f55aa44ef4cd3,2026-06-03T12:50:24.276738
13,Pepsi Revies from Trustpilot,rss_reviews,https://rss.app/feeds/KhJXqLAmo6KoSSyD.xml,The Pepsi tastes pretty good but…,The Pepsi tastes pretty good but when I bought a box of it the last can had almost no soda inside of it! I think that they should pay more attention to what they're doing in their factories. 😤,2,Poor,"Evarista Obi, US","Sun, 19 Apr 2026 02:41:54 GMT",https://www.trustpilot.com/reviews/69e424d2036dfe62e93a3799,2026-06-03T12:50:24.277346
13,Pepsi Revies from Trustpilot,rss_reviews,https://rss.app/feeds/KhJXqLAmo6KoSSyD.xml,doesn’t taste the same,doesn’t taste the same,1,Bad,"Pilvault, US","Sat, 18 Apr 2026 03:54:44 GMT",https://www.trustpilot.com/reviews/69e2e464f4966a7dd129b0ba,2026-06-03T12:50:24.277888
13,Pepsi Revies from Trustpilot,rss_reviews,https://rss.app/feeds/KhJXqLAmo6KoSSyD.xml,We were faithful customers at our…,"We were faithful customers at our restaurant in Bellevue, WA, which we closed on December 22, 2025.  Since then we have called Pepsi 800-963-2424 every week to have our deposit for the CO2 cylinders returned to us.  We have spent hours every time waiting for an answer, it is not the deposit amount of 9 cylinders anymore, it is the point that they make- to ignore their customers.",1,Bad,"senor taco, US","Fri, 17 Apr 2026 21:50:26 GMT",https://www.trustpilot.com/reviews/69e28f0293fcfb1f379bdf7d,2026-06-03T12:50:24.278510
13,Pepsi Revies from Trustpilot,rss_reviews,https://rss.app/feeds/KhJXqLAmo6KoSSyD.xml,Pepsi is deliberately eliminating Orangina,"Pepsi is engaged in a worldwide elimination of Orangina - it owns the US license but stopped selling it. Orangina is disappearing also from the stores in Europe, being replaced by Fanta, a product that, unlike Orangina, is entirely artificial. This is a typical huge company selfish interest crushing what is better for the customer, or at least annihilating customers' choices. I find this conduct to be sinister and cruel. I for one, will never buy their products, even if stuck in the middle of the desert with nothing else to drink. Now what one finds on the shelfs even in Europe is ONLY Fanta. Orangina is extinct. Pepsi is trying to compensate for its failure to compete with Coca Cola by leaving the buyer no choice but Fanta. As it will find out, coercion does not produce popularity but, deservedly, resistance and resentment.",1,Bad,"Arie Horowitz, US","Fri, 10 Apr 2026 15:09:47 GMT",https://www.trustpilot.com/reviews/69d8f69bd96774fdbb573501,2026-06-03T12:50:24.279121
13,Pepsi Revies from Trustpilot,rss_reviews,https://rss.app/feeds/KhJXqLAmo6KoSSyD.xml,I drink this every day,I drink this every day. Only the canned version tastes good.,5,Excellent,"solowolf, GB","Sun, 05 Apr 2026 21:11:14 GMT",https://www.trustpilot.com/reviews/69d2b3d217ca0d053d18ae33,2026-06-03T12:50:24.279726
13,Pepsi Revies from Trustpilot,rss_reviews,https://rss.app/feeds/KhJXqLAmo6KoSSyD.xml,A once great tasting drink now sadly…,"A once great tasting drink now sadly gone downhill like so many well known brands have.  Honestly....its tasting more like a bottle of cough syrup now than a bottle of a sugary quencher of thirst.   Sad to see this happening to so many 'once great' products,  but this is the world that we live in now.  Sugar content dramatically lowered now and I understand why,  but now replaced by garbage ingredients and the result being a very poor quality end product desperately clinging on to its well known brand name.   To the marketeers and producers,  it's fine relying on the brand name providing that what is being supplied is still of reasonable quality.  Consumers are not stupid,  they know when a product has rapidly gone downhill in taste,   I wont be buying another bottle thats for sure.   Very poor excuse for a once reputable product.",1,Bad,"Steve Robertson, GB","Fri, 03 Apr 2026 22:31:37 GMT",https://www.trustpilot.com/reviews/69d023a981a18c1502d96fe2,2026-06-03T12:50:24.280373
13,Pepsi Revies from Trustpilot,rss_reviews,https://rss.app/feeds/KhJXqLAmo6KoSSyD.xml,It just to taste good now its like…,It just to taste good now its like really bad produkts and less flavour.,1,Bad,"Kaito, SE","Sun, 08 Mar 2026 19:03:51 GMT",https://www.trustpilot.com/reviews/69adabf6801e8f814d933da5,2026-06-03T12:50:24.280897
13,Pepsi Revies from Trustpilot,rss_reviews,https://rss.app/feeds/KhJXqLAmo6KoSSyD.xml,DO NOT BUY,recipe has changed  and not for the good Terrible taste . Trying to leave a review is a nightmare,2,Poor,"Maggie Chapman, GB","Fri, 27 Feb 2026 08:26:20 GMT",https://www.trustpilot.com/reviews/69a1390caf4fc0676e0249b9,2026-06-03T12:50:24.281398
13,Pepsi Revies from Trustpilot,rss_reviews,https://rss.app/feeds/KhJXqLAmo6KoSSyD.xml,"Pepsi's ""NEW RECIPE""","Just bought a 24pk of Pepsi Max and had to throw it out, the ""NEW RECIPE"" left a disgusting aftertaste in my mouth and I for one will not be buying it again. People buy Pepsi/Pepsi max for the unique taste and that's been taken away. Shameful!!!",1,Bad,"Peter Metcalf, GB","Sat, 14 Feb 2026 16:03:37 GMT",https://www.trustpilot.com/reviews/699080b93db970cf2765b979,2026-06-03T12:50:24.281885
13,Pepsi Revies from Trustpilot,rss_reviews,https://rss.app/feeds/KhJXqLAmo6KoSSyD.xml,I opened a pepsi can for it to taste…,I opened a pepsi can for it to taste really surpy was not happy with that pepsi is one of my favorite sodas,1,Bad,"Ashlyn Ward, US","Mon, 09 Feb 2026 01:43:10 GMT",https://www.trustpilot.com/reviews/69891f8eb0b80f818b32d726,2026-06-03T12:50:24.282404
13,Pepsi Revies from Trustpilot,rss_reviews,https://rss.app/feeds/KhJXqLAmo6KoSSyD.xml,Been Watered Down?!?!!,"Been Watered Down?!?!!! There's no bite. No rich Pepsi syrup. It tastes crappy very much like Coke! You can't make soda healthy! People don't buy it for that resason! I'll find another sweet and syrupy soda for when I want to have something not good for me! I've always loved Pepsi, so I'll check in a few months to see if you have fixed this huge mistake you've made!",1,Bad,"Rosie, US","Sun, 01 Feb 2026 14:24:51 GMT",https://www.trustpilot.com/reviews/697f46134530769b55f16420,2026-06-03T12:50:24.282929
13,Pepsi Revies from Trustpilot,rss_reviews,https://rss.app/feeds/KhJXqLAmo6KoSSyD.xml,12 pack mini Pepsi selfeeding end.,Anyone else have issues opening the mini 7.5 oz twelve pack can self feeding dispensing end. I have yet to open one without putting some tape to hold it together. All other brands that I have purchased ( no problem). Other then that product is great.,3,Average,"John Davis, US","Wed, 28 Jan 2026 23:07:20 GMT",https://www.trustpilot.com/reviews/697a7a88376a5d7921cd31dc,2026-06-03T12:50:24.283444
13,Pepsi Revies from Trustpilot,rss_reviews,https://rss.app/feeds/KhJXqLAmo6KoSSyD.xml,Awful sucrose taste in AN ORIGINAL…,"Awful sucrose taste in AN ORIGINAL PEPSI CAN. 
Tried to complain to PEPSI online but their process is conniving and make it impossible to submit a complaint because by the time you type why you've contacted them, when you go yo take photos of proof of purchase, your typing previously disappeared. 
Bought 24 cans case from Iceland, opened 1 can and the taste was like a diet version, opened 3 more cans and all the same. Now this is ORIGINAL PEPSI I bought. Waste of money and no recourse to do anything about it.",1,Bad,"Melina McLean, GB","Sat, 24 Jan 2026 15:46:46 GMT",https://www.trustpilot.com/reviews/6974cd46748376f153f2d722,2026-06-03T12:50:24.283988
